day_number,daily_pnl,target_hit,cumulative_pnl
1,338.99628524422303,True,338.99628524422303
2,135.44281055416107,False,474.4390957983841
3,1.1380594428306665,False,475.57715524121477
4,150.7260023953152,False,626.3031576365299
5,346.8779094071232,True,973.1810670436531
