day_number,daily_pnl,target_hit,cumulative_pnl
1,377.69978976947345,True,377.69978976947345
2,430.22982318483884,True,807.9296129543122
3,439.03492866160843,True,1246.9645416159206
4,889.5599500591081,True,2136.524491675029
5,325.56359625805925,True,2462.088087933088
